GL1;0.01;1455285542
GL1;0.01;1455285602
GL2;0.01;1455285542
GL2;0.01;1455285602
GL3;0.01;1455285542
GL3;0.01;1455285602
GL4;0.01;1455285542
GL4;0.01;1455285602
GL5;0.01;1455285542
GL5;0.01;1455285602
GL6;0.01;1455285542
GL6;0.01;1455285602
GL7;0.01;1455285542
GL7;0.01;1455285602
GL8;0.01;1455285542
GL8;0.01;1455285602
ML2;0.01;1455285542
ML2;0.01;1455285602
ML3;0.01;1455285542
ML3;0.01;1455285602
ML4;0.01;1455285542
ML4;0.01;1455285602
ML5;0.01;1455285542
ML5;0.01;1455285602
ML6;0.01;1455285542
ML6;0.01;1455285602
ML7;0.01;1455285542
ML7;0.01;1455285602
ML8;0.01;1455285542
ML8;0.01;1455285602
NY2;0.01;1455285542
NY2;0.01;1455285602
NY3;0.01;1455285542
NY3;0.01;1455285602
NY4;0.01;1455285542
NY4;0.01;1455285602
NY5;0.01;1455285542
NY5;0.01;1455285602
NY6;0.01;1455285542
NY6;0.01;1455285602
NY7;0.01;1455285542
NY7;0.01;1455285602
NY8;0.01;1455285542
NY8;0.01;1455285602
NY5;2.5;1455285542
NY7;2.5;1455285645
GL2;15;1455285664
NY7;7.5;1455285687
ML8;7.5;1455285702
GL3;7.5;1455285725
ML8;7.5;1455285731
NY7;7.5;1455285742
GL1;7.5;1455285748
NY7;2.5;1455285756
GL1;2.5;1455285795
GL3;2.5;1455285800
NY5;2.5;1455285834
NY5;0.5;1455285838
ML7;3.5;1455285845
NY7;7.5;1455285867
NY7;7.5;1455285877
GL6;5;1455285881
NY3;7.5;1455285887
ML4;7.5;1455285908
ML4;2.5;1455285932
NY7;7;1455285942
GL3;5;1455285949
NY7;9;1455285967
NY7;2.5;1455286006
GL1;2.5;1455286022
NY7;2.5;1455286031
GL3;7.5;1455286139
GL4;2.5;1455286211
GL1;7.5;1455286218
GL5;7.5;1455286230
GL4;7.5;1455286236
GL8;2;1455286289
GL4;5;1455286307
GL8;2;1455286311
GL1;2.5;1455286364
NY5;7.5;1455286382
NY5;4.5;1455286387
GL5;7.5;1455286397
NY5;7.5;1455286475
NY5;7.5;1455286508
NY7;7.5;1455286568
GL8;2;1455286606
GL3;7.5;1455286662
ML8;2.5;1455286770
GL3;7.5;1455286823
ML2;7.5;1455286896
ML3;10;1455286910
ML2;2.5;1455286949
ML3;5;1455286960
ML2;7.5;1455287001
ML2;2.5;1455287175
NY7;7.5;1455287196
GL3;7.5;1455287250
ML3;5;1455287259
ML4;2.5;1455287263
ML4;7.5;1455287316
ML7;3.5;1455287320
NY7;3.5;1455287324
GL3;2.5;1455287330
NY8;2;1455287340
GL8;2;1455287345
ML6;2.5;1455287372
ML7;12.5;1455287386
GL2;14.5;1455287490
GL2;2.5;1455287512
GL3;7.5;1455287523
ML8;7.5;1455287528
NY7;10.5;1455287552
NY3;7.5;1455287586
GL3;7.5;1455287651
GL4;15;1455287654
GL1;7.5;1455287658
GL1;15;1455287746
GL5;2.5;1455287752
GL1;22.5;1455287772
NY5;2.5;1455287780
NY5;2.5;1455287829
NY5;2.5;1455287854
GL1;30;1455287914
GL3;7.5;1455287921
GL6;2.5;1455287943
NY7;2.5;1455287996
GL6;2.5;1455288008
GL6;5;1455288023
ML2;7.5;1455288069
ML4;5;1455288084
GL6;7.5;1455288090
NY7;7.5;1455288107
NY5;5;1455288108
NY7;2.5;1455288163
GL2;15;1455288225
NY7;2.5;1455288387
GL3;7.5;1455288483
NY5;5;1455288507
ML2;10;1455288551
GL3;5;1455288561
ML2;2.5;1455288597
NY6;3.5;1455288632
ML7;3.5;1455288636
NY7;2.5;1455288676
GL3;2.5;1455288700
ML7;7.5;1455288712
ML7;2.5;1455288922
NY6;2.5;1455288937
ML2;7.5;1455288947
NY7;2.5;1455288958
GL3;7.5;1455288989
GL2;7;1455289050
ML8;7.5;1455289126
GL6;5;1455289151
NY5;7.5;1455289183
GL8;9;1455289252
GL1;5;1455289263
GL1;2.5;1455289276
GL1;7.5;1455289296
GL3;7.5;1455289343
GL4;7.5;1455289386
ML4;2.5;1455289407
ML4;10;1455289438
NY7;54;1455289532
NY7;67.5;1455289594
GL2;2.5;1455289635
ML6;7.5;1455289702
NY5;7.5;1455289724
NY5;10;1455289741
ML2;5;1455289754
GL5;7.5;1455289779
GL7;7.5;1455289787
ML2;2.5;1455289839
GL7;7.5;1455289840
GL6;7.5;1455289885
GL4;7.5;1455289924
GL2;10;1455289948
ML3;5;1455289957
ML3;7.5;1455290010
ML7;2.5;1455290019
GL3;7.5;1455290090
GL5;4.5;1455290096
GL3;7.5;1455290118
ML2;2;1455290123
ML4;7.5;1455290160
ML7;2.5;1455290252
ML2;7.5;1455290313
GL1;7.5;1455290351
ML7;4.5;1455290395
GL3;7.5;1455290480
GL4;2.5;1455290519
GL8;2.5;1455290546
GL8;2;1455290577
NY5;7.5;1455290608
GL6;7.5;1455290616
ML8;15;1455290626
GL8;2.5;1455290631
GL8;2.5;1455290639
ML7;2.5;1455290640
ML7;7.5;1455290703
NY5;2.5;1455290721
GL6;2.5;1455290865
ML4;6;1455290903
ML7;10;1455291026
ML5;10;1455291036
ML3;8;1455291051
GL2;15;1455291080
ML8;9;1455291099
NY3;7.5;1455291104
GL7;2.5;1455291139
GL7;2.5;1455291155
GL4;2.5;1455291171
NY5;14;1455291198
GL7;7.5;1455291218
GL7;7.5;1455291232
GL3;15;1455291277
GL7;7.5;1455291297
GL4;7.5;1455291302
NY5;2.5;1455291314
ML5;14.5;1455291439
GL3;7.5;1455291709
ML5;7.5;1455291713
GL8;2;1455291728
ML7;6;1455291738
GL8;4;1455291792
ML4;10;1455291821
NY4;2.5;1455291849
GL8;4;1455291978
GL8;5;1455292030
ML5;10;1455292057
GL4;25;1455292114
NY7;2.5;1455292127
ML8;15;1455292181
ML7;30;1455292225
GL2;24;1455292237
GL3;15;1455292257
GL3;15;1455292269
ML8;22.5;1455292274
NY5;20;1455292289
NY7;24;1455292294
NY5;25;1455292301
GL3;15;1455292307
NY7;48;1455292346
NY7;12;1455292353
ML4;13.5;1455292369
ML4;11;1455292435
NY5;30;1455292437
GL5;15;1455292446
NY5;10;1455292460
GL7;24;1455292472
GL3;45;1455292475
GL7;2.5;1455292476
GL3;5;1455292547
GL3;45;1455292559
GL3;10;1455292571
GL3;15;1455292589
GL2;41;1455292670
GL3;7.5;1455292696
GL8;12;1455292702
ML2;42;1455292773
GL3;45;1455292804
GL8;8;1455292809
GL8;9;1455292820
GL1;2.5;1455292842
ML6;50;1455292940
GL1;12.5;1455292946
NY7;2;1455292965
GL6;14;1455293022
ML5;5;1455293031
ML5;2.5;1455293077
ML7;142.5;1455293164
ML8;9;1455293256
ML2;5;1455293368
GL4;19.5;1455293442
GL2;90.5;1455293510
NY7;37.5;1455293649
ML3;7.5;1455293658
NY7;4.5;1455293659
NY7;15;1455293667
GL6;5;1455293697
NY3;7.5;1455293751
NY4;2.5;1455293791
NY7;4.5;1455293811
NY7;4.5;1455293933
NY7;9;1455293948
NY6;6;1455293991
GL2;22.5;1455294002
GL2;30;1455294016
ML4;7.5;1455294085
ML8;16.5;1455294151
ML6;13.5;1455294157
ML6;2.5;1455294177
ML6;2.5;1455294180
ML6;2;1455294182
ML7;10;1455294207
GL1;7.5;1455294267
GL7;7.5;1455294343
GL6;12;1455294359
ML6;20.5;1455294459
GL1;25;1455294478
GL6;7.5;1455294493
ML6;2;1455294503
ML2;15;1455294554
NY7;2.5;1455294562
GL3;7.5;1455294563
GL6;4.5;1455294574
NY2;7.5;1455294582
NY3;2.5;1455294585
ML6;4.5;1455294589
ML6;2;1455294605
NY7;12;1455294618
ML6;40;1455294633
ML6;4.5;1455294644
GL7;2.5;1455294645
ML5;5;1455294649
ML6;4.5;1455294690
GL6;3;1455294698
ML6;1.5;1455294704
NY7;2.5;1455294709
GL7;2.5;1455294718
NY7;2.5;1455294754
ML6;4.5;1455294808
NY7;5;1455294850
NY6;6;1455294882
NY3;7.5;1455294971
GL6;6;1455295055
GL3;7.5;1455295077
ML6;2;1455295140
ML6;2;1455295145
ML7;12;1455295155
ML7;2;1455295157
NY7;2;1455295159
ML6;6;1455295163
ML6;13.5;1455295236
ML4;10.5;1455295294
ML6;25.5;1455295368
ML6;1.5;1455295405
ML6;2.5;1455295411
NY3;4.5;1455295439
ML6;5;1455295439
NY5;7.5;1455295448
GL6;5;1455295463
NY5;5;1455295467
ML6;2.5;1455295483
GL6;4;1455295555
ML6;23;1455295627
NY5;4;1455295654
ML8;10;1455295688
ML8;5;1455295692
ML6;2;1455295710
NY7;2.5;1455295759
ML6;6;1455295762
GL2;5;1455295862
GL8;5;1455295871
GL4;7.5;1455295879
ML6;10;1455295882
ML5;15;1455295891
ML8;12.5;1455295922
NY7;13.5;1455295966
ML6;10;1455295970
GL3;7.5;1455296025
ML6;7.5;1455296048
GL8;5;1455296062
ML2;2;1455296070
ML7;5;1455296121
ML6;4.5;1455296123
GL4;7.5;1455296135
GL7;2.5;1455296190
ML3;7.5;1455296198
ML6;7.5;1455296245
ML6;2;1455296247
NY7;6;1455296287
ML6;7.5;1455296300
ML5;10;1455296328
ML6;2;1455296358
ML6;17.5;1455296382
NY7;7.5;1455296390
GL3;7.5;1455296412
GL3;15;1455296430
GL7;7.5;1455296462
ML6;3;1455296507
GL7;2.5;1455296549
NY5;7.5;1455296552
NY8;8;1455296601
NY5;5;1455296652
GL4;7.5;1455296681
ML6;2.5;1455296757
ML6;38;1455296758
GL3;7.5;1455296770
GL2;4.5;1455296904
GL3;15;1455296925
ML6;12;1455296936
NY7;2.5;1455296969
GL7;2.5;1455297016
GL2;2.5;1455297020
GL2;16.5;1455297047
GL2;15;1455297162
ML3;2.5;1455297185
GL1;187.5;1455297338
ML7;24;1455297349
ML7;15;1455297359
NY6;6;1455297367
NY7;7.5;1455297379
GL6;7.5;1455297480
GL4;2.5;1455297596
NY7;15;1455297666
GL4;12;1455297779
GL8;5;1455297817
ML6;4.5;1455297818
GL3;7.5;1455297872
GL3;30;1455297902
NY4;7.5;1455297907
NY7;2.5;1455297911
ML6;5;1455297912
NY7;5;1455297918
GL7;7.5;1455297940
NY3;7.5;1455297991
GL1;10;1455298000
ML6;2.5;1455298004
GL2;6;1455298164
NY7;2.5;1455298245
ML6;10.5;1455298252
GL8;4;1455298280
NY5;7.5;1455298323
NY7;14.5;1455298366
NY3;7.5;1455298447
GL1;7.5;1455298527
NY2;3;1455298599
NY7;2.5;1455298655
GL8;13.5;1455298720
NY5;17.5;1455298762
GL5;2.5;1455298804
ML6;14;1455298884
GL3;2;1455299069
ML7;7.5;1455299077
ML7;12;1455299086
GL3;10;1455299089
GL2;19.5;1455299101
ML6;10;1455299111
ML4;5;1455299127
GL2;7.5;1455299248
ML2;2.5;1455299295
GL5;14;1455299307
ML5;12;1455299338
ML3;8;1455299375
NY3;7.5;1455299393
GL3;7.5;1455299397
ML6;7;1455299477
GL8;2;1455299485
GL4;6.5;1455299536
GL3;7.5;1455299576
GL2;2.5;1455299615
GL4;2.5;1455299699
GL3;7.5;1455299734
NY7;7.5;1455299755
GL3;7.5;1455299776
NY7;7.5;1455299809
GL6;2.5;1455299889
ML6;7.5;1455299893
ML6;2.5;1455299913
NY7;115.5;1455299929
NY7;7.5;1455299945
NY7;7.5;1455300079
ML6;11;1455300113
NY5;5;1455300149
GL3;7.5;1455300181
NY5;7.5;1455300226
ML6;8;1455300325
GL3;12.5;1455300349
GL6;7.5;1455300355
ML4;7.5;1455300396
NY5;7.5;1455300500
NY3;15;1455300521
ML6;5;1455300543
NY5;5;1455300570
GL8;10;1455300580
GL5;6;1455300741
GL5;7.5;1455300785
ML3;27.5;1455300805
GL4;7.5;1455300808
ML6;10;1455300814
GL5;2.5;1455300868
GL6;7.5;1455300900
GL6;9;1455300908
NY3;7.5;1455300949
GL4;2.5;1455300990
ML6;50;1455301016
GL4;2.5;1455301141
ML7;7.5;1455301189
ML5;5;1455301215
GL2;7.5;1455301419
ML6;5;1455301429
ML6;7.5;1455301435
ML4;2.5;1455301473
ML6;30;1455301475
GL3;15;1455301481
NY7;10.5;1455301489
NY5;7.5;1455301523
GL4;17;1455301529
ML7;5;1455301530
ML6;3.5;1455301633
GL7;7.5;1455301638
ML6;4;1455301646
NY7;7.5;1455301734
NY7;7.5;1455301864
GL6;7.5;1455301889
ML6;6;1455301895
ML6;37;1455301905
GL3;7.5;1455301912
GL7;2.5;1455301921
GL2;10;1455302049
GL7;2.5;1455302053
GL5;7.5;1455302087
GL7;5;1455302126
GL7;2.5;1455302179
GL3;30;1455302208
GL7;5;1455302224
GL7;14.5;1455302238
GL7;2.5;1455302242
GL2;4;1455302276
NY5;9;1455302388
GL4;15;1455302436
GL2;7.5;1455302452
ML7;3.5;1455302472
GL1;2;1455302518
GL7;2.5;1455302535
ML6;30;1455302594
NY5;30;1455302601
GL5;6;1455302608
ML6;0.5;1455302634
GL1;6;1455302652
GL4;6;1455302707
GL5;7.5;1455302710
GL7;5;1455302714
NY7;15;1455302768
NY7;4.5;1455302880
GL7;10;1455302917
GL7;3;1455302925
NY7;5;1455302947
ML7;2.5;1455302961
NY7;5;1455302965
GL7;2.5;1455302967
GL3;13.5;1455302995
ML6;12;1455302996
ML6;30;1455303031
NY7;2.5;1455303043
GL3;7.5;1455303067
GL4;7.5;1455303072
GL6;2.5;1455303131
ML6;5;1455303139
GL7;7.5;1455303191
NY7;6;1455303222
NY7;2.5;1455303231
GL3;7.5;1455303244
GL6;4.5;1455303252
ML6;3;1455303297
NY7;7.5;1455303299
GL7;8;1455303352
GL3;4;1455303362
GL7;5;1455303369
NY3;15;1455303391
GL1;2.5;1455303421
GL3;4.5;1455303467
GL1;2.5;1455303487
GL3;15;1455303528
GL4;12.5;1455303554
GL3;7.5;1455303559
GL3;15;1455303570
NY7;7.5;1455303607
GL2;22.5;1455303654
NY7;7.5;1455303661
ML2;7.5;1455303704
ML8;4.5;1455303740
GL3;7.5;1455303748
GL4;7.5;1455303751
NY7;7.5;1455303752
GL6;7.5;1455303755
NY6;2.5;1455303782
GL4;10;1455303826
ML4;45;1455303860
GL1;6;1455303860
GL4;10;1455303898
GL7;12;1455303965
GL4;7.5;1455303965
GL3;7;1455304008
GL7;5;1455304050
GL2;7.5;1455304054
NY7;2;1455304055
GL4;20;1455304062
ML4;30;1455304121
GL2;7.5;1455304129
GL7;1.5;1455304148
GL3;7.5;1455304178
GL7;12.5;1455304223
GL8;10;1455304243
ML8;2.5;1455304250
NY7;5;1455304292
GL7;3.5;1455304325
GL7;4;1455304327
ML7;12.5;1455304354
NY7;2.5;1455304361
GL2;7.5;1455304368
GL5;45;1455304384
ML2;7.5;1455304391
GL7;12.5;1455304464
ML5;7.5;1455304475
ML4;7.5;1455304502
NY7;7.5;1455304599
GL3;7.5;1455304635
GL6;8.5;1455304645
NY7;2.5;1455304648
NY7;2.5;1455304673
GL2;7.5;1455304739
GL7;5;1455304836
GL7;6;1455304843
GL7;6;1455304856
GL7;4;1455304863
ML3;32.5;1455304891
GL7;5;1455304897
NY7;3;1455304923
ML4;10;1455304939
NY2;7.5;1455304962
GL7;17.5;1455304980
ML8;7.5;1455304987
GL3;17.5;1455305020
GL7;3;1455305053
NY7;2.5;1455305056
GL1;8;1455305069
NY7;6;1455305072
GL7;24;1455305079
GL5;8;1455305090
ML7;39;1455305101
NY8;6;1455305111
ML4;7.5;1455305156
NY7;1.5;1455305214
GL2;7.5;1455305224
ML7;2;1455305227
GL2;7.5;1455305228
NY7;1.5;1455305242
NY7;6;1455305248
GL5;9;1455305278
GL3;7.5;1455305280
GL2;4.5;1455305294
ML8;10;1455305298
GL7;10;1455305337
GL7;14.5;1455305398
GL3;7.5;1455305464
GL3;22.5;1455305507
GL8;14;1455305535
GL3;10;1455305543
GL5;7.5;1455305576
NY2;2.5;1455305582
NY7;6;1455305601
NY6;4.5;1455305610
GL4;2.5;1455305666
GL8;4.5;1455305686
GL3;7.5;1455305703
ML7;7.5;1455305712
GL7;12;1455305725
NY6;2.5;1455305734
NY5;2.5;1455305751
ML7;2;1455305772
GL7;2;1455305792
GL3;7.5;1455305815
ML7;6;1455305822
NY7;7.5;1455305888
GL7;7;1455305898
NY2;7.5;1455305904
NY7;5;1455305912
GL5;7.5;1455305948
NY2;7.5;1455306023
GL7;5;1455306069
GL1;12.5;1455306079
ML2;2.5;1455306133
NY7;2.5;1455306136
NY8;16;1455306165
GL7;2.5;1455306184
NY8;4;1455306191
GL8;4;1455306268
ML2;2.5;1455306285
ML7;7.5;1455306307
GL3;15;1455306330
NY7;2.5;1455306365
NY7;9;1455306392
GL8;2;1455306395
ML7;5.5;1455306481
GL7;5;1455306509
GL3;6;1455306521
GL5;12;1455306556
ML2;10;1455306611
ML2;0.5;1455306620
ML7;15;1455306693
NY7;6;1455306808
NY8;7.5;1455306835
GL8;5;1455306843
GL7;7.5;1455306886
GL3;4.5;1455306902
NY3;15;1455307016
GL4;10.5;1455307045
GL7;4.5;1455307049
NY5;7.5;1455307098
GL3;7.5;1455307128
GL7;2.5;1455307152
NY5;2;1455307181
GL7;5;1455307213
NY8;0.5;1455307248
GL8;6;1455307250
GL7;15.5;1455307267
NY7;7.5;1455307374
GL5;24;1455307383
ML2;10;1455307452
ML2;12;1455307497
ML2;5;1455307500
NY5;12;1455307509
GL1;5;1455307575
GL3;5;1455307617
NY7;67.5;1455307685
NY7;45;1455307713
GL2;15.5;1455307728
NY7;39;1455307734
GL4;4.5;1455307762
GL8;19.5;1455307781
NY7;6;1455307826
GL8;5;1455307860
GL4;15;1455307860
NY2;4;1455307864
GL7;1;1455307904
GL1;2;1455307909
GL7;5;1455308012
NY7;2.5;1455308067
NY2;8;1455308078
NY7;22.5;1455308134
NY7;3;1455308139
GL8;16;1455308180
NY5;6.5;1455308191
GL3;25;1455308222
NY5;7.5;1455308286
GL7;2.5;1455308305
GL7;2;1455308319
GL4;35.5;1455308406
ML5;16;1455308465
NY8;2.5;1455308465
ML2;8.5;1455308550
ML5;11;1455308582
GL7;2.5;1455308612
NY7;10;1455308645
GL3;30;1455308669
GL1;12;1455308679
ML4;11;1455308710
NY5;3;1455308721
GL3;6;1455308787
GL8;4.5;1455308834
ML7;5;1455308860
NY7;10;1455308898
ML7;10;1455308910
GL1;2.5;1455308942
NY5;22.5;1455308947
NY7;7.5;1455308951
NY5;1;1455309051
GL5;12;1455309087
GL7;30;1455309089
ML5;15;1455309097
NY2;5;1455309103
ML4;2.5;1455309145
GL7;15;1455309269
ML5;6;1455309287
GL2;6;1455309338
GL7;4.5;1455309354
ML7;7.5;1455309425
GL7;12.5;1455309431
GL7;5;1455309434
GL5;24;1455309454
ML7;6;1455309462
GL7;3.5;1455309471
GL7;5;1455309501
GL7;7.5;1455309545
GL7;2.5;1455309572
NY7;7.5;1455309595
NY6;2.5;1455309622
GL2;7.5;1455309639
NY5;28.5;1455309641
ML8;7.5;1455309719
ML2;7.5;1455309724
GL5;7.5;1455309735
GL2;2.5;1455309744
GL2;2;1455309750
NY5;7.5;1455309761
GL3;7;1455309788
GL2;9.5;1455309812
NY6;10;1455309835
NY6;10;1455309844
ML6;7.5;1455309855
NY5;9;1455309862
GL3;17.5;1455309947
GL7;3;1455309990
GL7;2.5;1455309994
NY7;7.5;1455310018
ML8;0.5;1455310034
ML8;2.5;1455310037
GL7;10;1455310086
GL6;7.5;1455310121
GL7;7.5;1455310128
GL2;14;1455310132
GL4;5;1455310139
GL3;7.5;1455310158
GL3;30;1455310216
GL4;4.5;1455310236
GL3;7.5;1455310239
GL2;3;1455310245
GL7;7.5;1455310267
GL7;4;1455310306
GL3;6;1455310331
GL2;2;1455310390
ML8;15;1455310477
GL3;9;1455310485
GL7;6;1455310502
NY7;7.5;1455310539
NY3;7.5;1455310546
GL1;6;1455310551
GL8;25;1455310615
GL8;10;1455310687
GL3;5;1455310690
GL7;10;1455310714
GL1;17.5;1455310772
GL8;12;1455310787
GL7;4;1455310795
GL3;15;1455310948
NY7;6;1455310963
NY7;6;1455310972
NY7;12;1455311012
GL3;6;1455311035
GL7;6;1455311123
GL7;5;1455311126
GL6;6;1455311190
GL8;9;1455311203
GL7;10;1455311208
GL6;45;1455311226
GL7;15;1455311237
GL7;6;1455311259
GL4;17;1455311313
GL3;9;1455311393
GL7;9;1455311416
NY5;20;1455311561
NY7;2;1455311566
NY7;7.5;1455311601
NY7;19.5;1455311621
GL7;37.5;1455311624
NY5;4.5;1455311625
NY5;12;1455311640
GL5;10;1455311665
NY7;15;1455311688
ML8;12;1455311697
GL7;2.5;1455311697
ML8;22.5;1455311708
NY7;60;1455311717
ML8;12;1455311717
NY7;15;1455311764
GL7;2;1455311776
GL7;12.5;1455311789
GL7;16;1455311803
GL3;7.5;1455311814
ML6;7;1455311839
GL7;5;1455311842
GL7;5;1455311846
GL7;6;1455311919
GL1;15;1455311948
GL1;6;1455311968
GL7;10;1455311974
GL3;25;1455312015
GL1;22.5;1455312034
GL7;42;1455312041
NY7;12;1455312095
ML4;9;1455312181
ML6;5;1455312219
ML8;4.5;1455312251
GL3;10.5;1455312252
GL8;4;1455312281
NY5;3;1455312316
GL3;20;1455312385
NY7;7.5;1455312413
NY7;7.5;1455312418
GL4;6;1455312453
GL8;5.5;1455312461
NY7;5;1455312483
ML7;4.5;1455312621
GL3;7.5;1455312644
NY5;9.5;1455312691
NY7;6;1455312831
ML6;12.5;1455312843
NY5;7.5;1455312960
ML3;2.5;1455312968
GL5;5;1455312970
NY2;6;1455312972
GL7;5;1455312982
ML4;8;1455313080
GL7;5;1455313095
NY7;13;1455313207
ML8;6;1455313245
GL5;12;1455313281
ML5;6;1455313346
GL6;5;1455313399
NY7;2.5;1455313405
GL7;5;1455313421
GL3;9;1455313426
GL8;6;1455313432
GL3;5;1455313537
NY7;6;1455313556
NY7;4;1455313603
GL3;3;1455313625
GL3;6;1455313663
NY4;17;1455313683
NY5;5;1455313712
NY7;2;1455313748
GL1;12;1455313772
ML2;5;1455313838
ML4;7;1455313861
NY7;13.5;1455314044
GL3;20;1455314071
NY7;15;1455314076
GL3;4.5;1455314096
ML7;30.5;1455314096
GL3;17;1455314191
ML8;4.5;1455314344
GL2;9;1455314373
GL3;7.5;1455314378
ML2;7.5;1455314456
ML6;7.5;1455314465
NY7;2.5;1455314471
NY5;1;1455314478
NY7;5;1455314549
NY7;8.5;1455314601
GL2;2.5;1455314636
GL5;12;1455314671
GL5;12;1455314705
ML2;7.5;1455314724
ML5;6;1455314733
NY7;4;1455314756
NY7;4;1455314782
GL5;2;1455314786
ML5;6;1455314899
ML4;9;1455314927
GL5;6;1455314974
GL4;6;1455314995
GL5;12;1455315045
ML7;5;1455315082
GL7;5;1455315101
GL3;15;1455315198
NY6;22;1455315284
NY7;11.5;1455315308
GL3;19;1455315373
GL3;10;1455315389
GL3;15;1455315405
ML3;3;1455315475
NY7;20;1455315481
GL5;7.5;1455315570
NY3;10;1455315604
GL8;2.5;1455315692
GL3;5;1455315705
GL5;6;1455315709
GL5;5;1455315792
GL1;2;1455315846
NY7;9.5;1455315866
NY4;8;1455315926
ML3;6;1455315947
GL5;4;1455315979
NY7;2.5;1455316083
NY5;13.5;1455316150
NY7;6;1455316165
ML7;14;1455316200
NY7;17.5;1455316327
GL3;11.5;1455316345
NY5;13;1455316378
ML5;2.5;1455316424
GL4;7.5;1455316424
ML6;7.5;1455316438
ML4;8;1455316539
ML6;12.5;1455316582
NY4;15;1455316589
NY5;7;1455316718
GL1;9;1455316797
GL6;7.5;1455316798
NY7;3;1455316804
NY7;25;1455316873
NY7;8.5;1455316928
GL3;30;1455316934
ML4;2.5;1455316985
GL2;2.5;1455317015
NY7;15;1455317027
ML7;10;1455317097
GL2;4;1455317103
NY3;22.5;1455317217
NY5;12;1455317282
GL3;21;1455317350
NY7;3;1455317366
NY7;3;1455317375
GL7;6;1455317448
GL7;1;1455317455
GL3;4;1455317468
NY6;26;1455317493
ML2;8;1455317668
GL4;6;1455317761
NY7;20;1455317818
GL7;11;1455317861
GL7;5;1455317897
NY7;17.5;1455318067
NY7;6;1455318079
NY8;4.5;1455318134
ML7;8.5;1455318339
GL5;21;1455318392
GL7;7.5;1455318433
GL7;2.5;1455318487
NY7;5;1455318612
ML4;13.5;1455318630
ML8;15;1455318713
GL2;4;1455318807
NY8;6;1455318829
ML8;6.5;1455318830
ML8;6;1455318920
GL3;11;1455319090
GL1;4;1455319104
ML6;2.5;1455319168
ML3;4;1455319171
NY8;17;1455319186
NY7;5;1455319199
NY7;5;1455319289
ML7;7.5;1455319316
GL4;18;1455319331
NY7;4;1455319507
GL8;5;1455319580
GL7;10;1455319583
ML7;5;1455319628
GL7;5;1455319718
ML5;4.5;1455319749
NY7;11;1455319756
NY4;12;1455319837
GL3;6;1455320038
NY7;15;1455320092
NY5;5;1455320171
ML2;7.5;1455320181
GL5;12;1455320299
GL5;21;1455320407
GL3;6;1455320616
ML4;7.5;1455320633
NY5;10;1455320638
NY7;22.5;1455320670
GL7;10;1455320717
NY2;9;1455320723
NY7;3;1455320744
GL4;7.5;1455320780
GL3;12;1455320848
NY7;6;1455320896
NY7;5;1455320996
GL2;7.5;1455320999
ML7;7.5;1455321002
GL3;8.5;1455321038
ML7;7.5;1455321089
GL3;2.5;1455321094
ML3;5;1455321108
ML8;13.5;1455321131
GL3;7.5;1455321147
ML6;12;1455321183
ML3;5;1455321200
GL2;2.5;1455321232
GL3;7.5;1455321359
ML5;7.5;1455321401
GL8;3;1455321460
ML8;9;1455321499
NY7;2.5;1455321549
GL3;7.5;1455321598
NY7;6;1455321711
GL3;10;1455321806
NY8;7.5;1455321853
GL3;7.5;1455321865
ML8;4;1455321912
NY5;13.5;1455321967
GL8;4.5;1455322045
GL7;2.5;1455322085
ML6;2;1455322092
GL1;5;1455322125
NY5;4;1455322192
NY4;9;1455322286
ML8;8.5;1455322316
NY5;9;1455322336
NY7;20;1455322347
ML3;6;1455322356
NY7;7.5;1455322491
GL8;20;1455322584
GL2;4;1455322659
ML7;21;1455322696
NY7;17.5;1455322771
NY2;12.5;1455322782
ML7;7.5;1455322783
GL4;22;1455322820
NY2;7;1455322846
ML3;2;1455322883
ML7;7.5;1455322895
NY2;11.5;1455322900
GL3;12;1455323004
GL1;7.5;1455323026
NY5;10.5;1455323282
NY5;27.5;1455323336
GL3;6;1455323363
ML5;21.5;1455323405
GL3;22.5;1455323668
GL2;2.5;1455323707
GL1;6;1455323810
ML5;11;1455323840
ML8;5;1455324009
ML8;2;1455324066
NY7;7.5;1455324128
GL5;12;1455324197
GL3;23;1455324232
GL3;6;1455324236
ML7;2.5;1455324273
NY7;18;1455324344
ML2;11;1455324352
NY5;6.5;1455324405
NY6;14;1455324527
ML7;2;1455324559
GL2;7.5;1455324653
GL2;2.5;1455324673
GL2;2.5;1455324687
GL1;7.5;1455324758
GL3;7.5;1455325030
GL3;36;1455325187
NY7;5;1455325276
ML7;5;1455325301
NY7;4;1455325336
NY7;8;1455325448
GL8;4;1455325538
NY5;12;1455325604
NY7;6;1455325682
GL2;10;1455325693
GL4;4.5;1455325699
GL8;1;1455325795
NY7;12;1455325877
NY7;4;1455325949
NY6;15;1455326003
GL3;12;1455326183
NY7;7.5;1455326272
GL3;6.5;1455326407
NY5;22.5;1455326682
GL3;2.5;1455326718
GL3;6;1455327116
NY4;4.5;1455327128
NY7;6.5;1455327631
NY2;5;1455327699
NY5;16;1455327952
NY3;9.5;1455328286
NY3;9.5;1455328289
GL4;11;1455328291
GL5;9.5;1455328294
ML6;5;1455328301
GL5;11;1455328367
GL5;10;1455328457
NY7;10;1455328591
GL4;10;1455328810
NY3;5;1455328988
NY5;14;1455329341
GL5;12.5;1455329759
GL5;6;1455329794
GL7;7.5;1455329850
GL4;9;1455330012
ML7;7;1455330550
ML6;8;1455330565
GL4;7.5;1455330614
GL8;6.5;1455330683
ML8;7.5;1455330766
NY7;4;1455330865
NY5;25;1455331145
NY4;12;1455331238
GL5;4;1455331286
NY4;2.5;1455331311
NY7;6;1455331387
GL7;7.5;1455331458
GL3;10;1455331607
NY5;7.5;1455331809
NY8;6;1455331827
NY8;1.5;1455331832
NY8;6;1455331848
NY5;5;1455331924
ML4;6;1455332073
ML6;6;1455332631
NY7;4.5;1455336743
NY5;2;1455340232
GL4;1.5;1455340326
NY5;7.5;1455340380
NY5;4.5;1455341031
NY5;7.5;1455341037
NY5;6;1455341043
NY5;9;1455341052
NY5;2.5;1455341197
NY5;3;1455341261
NY5;2.5;1455341302
NY5;5.5;1455341377
NY5;2.5;1455341431
NY5;2.5;1455341451
NY7;3;1455341457
NY7;3;1455341514
NY5;7.5;1455341524
NY7;5;1455341686
GL6;6;1455341806
NY5;2.5;1455341808
GL3;2.5;1455341914
NY5;4;1455342101
NY5;5;1455342434
NY5;4;1455342440
NY5;26;1455342786
GL2;11.5;1455343047
NY5;4;1455343154
NY5;2;1455343330
NY5;6;1455343343
NY5;2.5;1455343793
NY5;2;1455343874
NY5;4;1455344115
NY5;4;1455344131
NY5;4;1455344317
NY5;5;1455344348
NY5;1.5;1455344495
NY5;2.5;1455344615
NY5;2;1455344725
NY5;2;1455344831
NY5;5;1455344840
GL6;5;1455344895
NY5;10;1455345036
NY7;2.5;1455345262
NY5;5;1455345310
NY5;2.5;1455345590
NY5;18;1455345698
GL6;2.5;1455345768
NY5;4;1455346093
GL6;2.5;1455346253
NY5;66;1455346264
NY5;5;1455346727
NY5;4;1455346945
NY5;10;1455347005
NY5;2.5;1455347166
GL6;2.5;1455347168
NY5;2.5;1455347172
NY5;4;1455347447
GL6;2.5;1455347616
NY5;4;1455347760
GL3;2;1455347827
NY5;2;1455348021
NY5;6;1455348105
NY5;4;1455348184
NY5;4;1455348217
NY5;2;1455348266
NY5;12;1455348430
NY5;4;1455348436
GL6;2.5;1455348773
NY5;42;1455348968
NY7;2.5;1455348979
NY5;4;1455349264
NY5;3;1455349318
NY7;2.5;1455349421
GL3;2.5;1455349607
GL4;6;1455349641
GL6;2.5;1455349750
NY7;2.5;1455349891
NY5;2.5;1455350469
GL4;2.5;1455350911
GL6;2;1455350934
GL3;2.5;1455350951
GL6;2.5;1455351337
GL3;7.5;1455351359
GL4;2.5;1455351946
GL2;12.5;1455352500
GL5;10;1455352504
GL4;2.5;1455352616
GL5;7.5;1455352737
GL5;12;1455352972
GL6;2.5;1455353090
NY7;8.5;1455353512
NY5;7.5;1455353580
GL3;2;1455353738
GL4;2;1455353745
NY7;2.5;1455353852
GL5;12.5;1455354127
GL6;4;1455354409
ML4;7.5;1455354465
NY7;6;1455354485
ML7;5;1455354492
NY7;2.5;1455354557
GL2;7.5;1455354919
GL6;5;1455355035
GL2;7.5;1455355127
NY5;9;1455355172
GL5;5;1455355439
ML7;5;1455355448
GL2;5;1455355585
ML7;9;1455355595
GL5;10;1455356044
ML5;15;1455356089
GL5;2;1455356131
ML7;2;1455356197
GL3;2.5;1455356202
GL3;2;1455356207
GL4;4;1455356213
GL4;2;1455356273
GL3;2;1455356397
NY7;50;1455356471
ML4;7.5;1455356520
ML7;4;1455356591
GL5;2;1455356596
ML5;10;1455356669
GL5;10;1455356673
ML3;5;1455357060
ML7;5;1455357063
ML4;4;1455357066
ML4;10;1455357494
GL5;12.5;1455357629
GL5;17.5;1455357654
GL5;15;1455357662
GL5;10;1455357728
GL5;2.5;1455357853
GL3;2.5;1455357885
ML7;27.5;1455357891
GL4;2;1455357897
GL3;2;1455358051
ML5;7;1455358075
GL5;3;1455358084
GL5;15;1455358089
GL3;12;1455358254
GL5;5;1455358421
ML5;3;1455358558
ML4;6;1455358574
GL5;4;1455358580
GL5;6;1455358661
ML3;7.5;1455358776
GL3;7.5;1455358816
GL5;6;1455359231
GL5;12;1455359430
GL5;24.5;1455359437
NY4;8.5;1455359661
GL5;9;1455359688
NY4;15;1455359790
GL5;5;1455359817
GL5;20;1455359869
NY7;10;1455360223
NY7;7.5;1455360230
ML7;85;1455360516
NY7;7.5;1455360562
GL4;4;1455360740
GL5;4;1455360798
GL2;67.5;1455360973
GL5;12;1455360992
NY7;15;1455361257
GL4;10;1455361409
GL5;20;1455361423
NY8;5;1455361600
GL5;40;1455361608
GL5;107.5;1455361627
GL1;15;1455361634
GL8;35;1455361651
GL5;20;1455361665
GL5;17.5;1455361667
GL1;2.5;1455361765
ML3;37.5;1455361992
NY8;75;1455362131
GL3;32.5;1455362282
GL2;15;1455362397
GL1;62.5;1455362429
ML4;25;1455362452
GL3;50;1455362573
NY2;10;1455362579
ML4;30;1455362625
NY3;7.5;1455362630
GL1;25;1455362637
GL6;50;1455362693
GL3;12.5;1455362757
GL3;12.5;1455363045
GL6;12.5;1455363059
GL3;40;1455363090
GL3;12.5;1455363096
NY8;12.5;1455363148
GL4;7.5;1455363188
NY7;7.5;1455363322
NY5;25;1455363374
GL4;12.5;1455363379
GL3;12.5;1455363402
GL3;12.5;1455363464
GL2;25;1455363493
GL4;2.5;1455363598
GL4;12.5;1455363922
ML8;25;1455364122
GL4;12.5;1455364168
GL1;2.5;1455364476
GL7;7.5;1455364667
NY6;25;1455364794
NY7;2.5;1455364850
NY7;12.5;1455364858
NY5;2.5;1455365061
GL4;2.5;1455365175
GL1;8.5;1455365207
GL2;12.5;1455365226
NY7;10;1455365403
NY7;22.5;1455365506
GL3;12.5;1455365804
GL2;18;1455365978
NY7;2;1455366148
NY7;1.5;1455366523
GL3;7.5;1455366592
NY7;32.5;1455366599
GL8;22.5;1455366677
ML7;12;1455366716
ML7;25;1455366724
GL4;5;1455366758
NY5;5;1455366780
GL4;2.5;1455366959
NY7;5;1455367138
ML3;2;1455367181
GL6;12.5;1455367241
GL3;12.5;1455367264
GL6;25;1455367320
GL5;25;1455367548
NY7;2.5;1455367562
NY5;15;1455367607
GL4;12.5;1455367735
GL1;2.5;1455367934
NY7;6;1455368051
GL3;12.5;1455368157
GL3;12.5;1455368279
ML3;7.5;1455368334
GL1;5;1455368377
ML4;2.5;1455368483
GL3;7.5;1455368487
NY7;20;1455368566
NY7;4.5;1455368943
NY5;2.5;1455368998
ML2;2.5;1455369016
GL4;2.5;1455369084
GL7;7.5;1455369319
GL1;12.5;1455369422
NY7;10;1455369447
NY2;2;1455369547
GL6;2.5;1455369611
ML7;2.5;1455369632
ML8;12.5;1455369692
GL4;5;1455369936
GL4;12.5;1455369982
GL4;12.5;1455370100
GL3;2.5;1455370138
GL1;5;1455370183
NY7;25;1455370339
NY7;75;1455370342
NY7;28;1455370352
NY7;12;1455370361
NY7;60;1455370423
GL6;7.5;1455370464
ML7;2.5;1455370474
ML7;2.5;1455370526
ML3;5;1455370542
ML4;12;1455370556
ML7;5;1455370658
GL8;52.5;1455370820
ML7;5;1455370824
GL7;10;1455370880
GL4;7.5;1455370943
ML7;5;1455371042
GL3;7.5;1455371050
NY2;36;1455371067
GL5;12;1455371122
GL1;7.5;1455371180
NY4;7.5;1455371216
NY4;9;1455371341
NY4;9;1455371399
ML7;14;1455371423
GL1;4;1455371445
GL1;2;1455371520
ML7;2;1455371566
ML7;22.5;1455371617
ML7;4;1455371663
ML7;12;1455371735
ML7;6;1455371831
GL6;5;1455371852
ML7;5;1455371870
GL1;6;1455371954
NY7;10;1455371976
NY7;2.5;1455372033
NY7;2.5;1455372035
ML7;10;1455372082
ML7;6;1455372094
ML7;4;1455372102
ML7;2;1455372129
ML7;2;1455372203
ML7;2;1455372332
ML8;7.5;1455372356
GL7;6;1455372418
GL4;2.5;1455372420
GL3;2.5;1455372423
GL5;20;1455372496
GL2;6;1455372508
GL5;2.5;1455372516
GL4;2.5;1455372530
GL5;17.5;1455372551
ML7;4;1455372586
ML7;6;1455372643
GL2;15;1455372686
GL2;24;1455372686
ML7;2;1455372703
GL2;6;1455372752
GL2;15;1455372757
GL2;22.5;1455372762
GL6;3;1455372840
GL3;2.5;1455372884
GL1;6.5;1455372907
ML7;6;1455372924
ML7;2;1455372965
ML7;4;1455373017
NY2;2.5;1455373043
NY8;2.5;1455373054
GL4;7.5;1455373108
ML7;2;1455373114
ML7;12;1455373122
NY8;2.5;1455373133
GL4;15;1455373153
ML7;5;1455373293
ML7;5;1455373318
ML7;5;1455373367
GL2;18;1455373574
GL3;22.5;1455373593
ML8;15;1455373659
ML8;4.5;1455373675
ML7;4.5;1455373680
GL7;5;1455373747
ML7;2.5;1455373764
ML7;3;1455373815
NY7;10;1455373967
GL6;5;1455374049
NY8;7.5;1455374151
ML7;4;1455374174
GL4;2.5;1455374212
ML7;4;1455374227
ML7;2;1455374271
ML7;2;1455374341
ML7;2;1455374346
ML7;2.5;1455374360
ML7;3;1455374420
NY7;2;1455374421
GL1;6;1455374506
ML7;1.5;1455374509
NY7;4;1455374523
NY7;2.5;1455374554
GL2;12;1455374687
GL5;8;1455374729
ML7;2.5;1455374736
ML5;9;1455374750
ML7;5;1455374797
GL4;7.5;1455374809
NY4;42;1455374811
NY4;7.5;1455374816
NY7;6.5;1455374825
ML7;5;1455374831
ML7;6.5;1455374858
GL7;5;1455374877
ML7;7.5;1455374881
ML8;7.5;1455374884
GL2;6;1455374904
NY7;10;1455374963
NY8;7.5;1455375017
GL3;7.5;1455375029
NY7;7.5;1455375030
GL3;2.5;1455375061
GL4;2.5;1455375103
ML5;2.5;1455375188
ML5;3;1455375207
ML7;6;1455375270
ML5;1;1455375285
GL2;12;1455375300
NY7;2.5;1455375317
NY8;3;1455375460
ML7;12;1455375466
GL2;6;1455375523
ML7;3;1455375534
GL4;2.5;1455375580
ML7;2;1455375598
ML5;15;1455375628
ML7;4;1455375707
NY7;4.5;1455375758
GL1;6;1455375762
ML7;4;1455375764
GL5;7.5;1455375766
ML7;3;1455375811
GL5;18;1455375815
ML7;9.5;1455376003
GL4;7.5;1455376013
NY2;7.5;1455376112
NY5;2;1455376248
NY7;40;1455376301
ML7;2;1455376309
GL3;22.5;1455376318
GL2;7.5;1455376391
GL2;19.5;1455376434
GL2;9;1455376444
ML5;15;1455376450
NY7;25;1455376485
ML7;6;1455376494
ML7;1;1455376538
ML7;14;1455376546
ML7;12.5;1455376556
GL4;15;1455376640
ML7;2.5;1455376645
ML4;7.5;1455376755
NY4;8;1455376796
GL4;22.5;1455376980
ML7;4;1455376989
NY5;7.5;1455377026
GL4;5;1455377075
GL2;4.5;1455377099
GL4;2.5;1455377100
GL2;2.5;1455377142
ML7;16;1455377166
GL2;4.5;1455377196
GL2;7.5;1455377292
NY2;7.5;1455377335
NY8;7.5;1455377429
ML6;6;1455377632
ML7;6;1455377671
NY7;4;1455377681
ML7;6;1455377689
ML7;25;1455377705
ML7;4;1455377734
ML7;5;1455377825
NY7;6;1455377938
GL2;22;1455377946
GL1;10;1455377956
NY7;4.5;1455378003
NY5;7.5;1455378036
ML7;2.5;1455378058
ML7;4;1455378060
ML7;2;1455378066
NY7;10;1455378089
ML3;7.5;1455378113
GL2;17.5;1455378144
ML7;8;1455378148
GL7;7.5;1455378260
GL7;5;1455378338
GL7;7.5;1455378344
GL7;7.5;1455378364
GL7;26.5;1455378370
GL7;15;1455378383
ML7;5;1455378460
ML7;2.5;1455378468
ML7;19.5;1455378575
NY5;7.5;1455378640
ML7;1;1455378653
GL4;7.5;1455378711
ML7;2;1455378721
NY5;15;1455378760
GL7;2.5;1455378766
GL7;2.5;1455378770
ML7;10;1455378803
ML7;24;1455378845
ML7;4;1455378875
ML8;15;1455378878
ML7;10;1455378950
ML5;5;1455378962
ML7;6;1455378988
ML7;2;1455378990
ML7;4;1455378997
ML2;38;1455379036
NY8;10;1455379051
ML7;18;1455379210
NY7;10;1455379227
ML7;105;1455379285
ML7;35;1455379303
GL3;17;1455379313
ML7;2.5;1455379342
NY7;6;1455379354
ML7;35;1455379368
ML7;10;1455379409
ML7;1;1455379414
ML7;11.5;1455379421
ML7;12;1455379447
ML7;22;1455379452
ML7;12;1455379458
ML7;65;1455379479
ML7;60;1455379486
ML7;2.5;1455379487
ML7;27.5;1455379501
GL1;1;1455379594
ML7;69.5;1455379608
GL3;2;1455379611
GL1;4;1455379620
NY7;7.5;1455379796
GL1;1.5;1455379813
ML7;54;1455379894
GL1;1.5;1455379911
GL2;2.5;1455379916
GL1;7.5;1455379947
GL1;7.5;1455379963
GL1;2.5;1455380042
GL3;7.5;1455380046
GL1;4;1455380067
GL1;2;1455380074
GL1;4;1455380104
GL7;7.5;1455380112
GL1;4;1455380198
GL1;4;1455380217
GL4;15;1455380281
GL4;2.5;1455380354
GL4;2.5;1455380358
GL4;2.5;1455380360
GL4;2.5;1455380362
GL1;4;1455380405
GL7;2.5;1455380412
GL7;2.5;1455380416
GL7;2.5;1455380423
GL7;7.5;1455380445
GL2;27;1455380480
NY2;2.5;1455380521
NY7;2.5;1455380539
NY7;2.5;1455380542
NY7;2.5;1455380544
GL1;1.5;1455380547
GL1;7.5;1455380585
NY7;7.5;1455380593
GL3;15;1455380619
GL4;2.5;1455380675
GL6;2.5;1455380695
GL1;6;1455380724
GL1;2;1455380839
NY5;2;1455380877
GL1;2;1455380890
GL6;7.5;1455381005
GL4;10;1455381045
GL1;4;1455381060
NY5;5;1455381116
NY7;5;1455381123
GL1;15;1455381135
GL1;5;1455381204
ML5;5;1455381235
GL1;6;1455381252
GL1;6;1455381301
GL1;1.5;1455381327
GL1;2.5;1455381333
GL1;2.5;1455381341
ML7;2.5;1455381369
NY7;15;1455381434
GL1;5;1455381495
GL1;4;1455381504
ML6;2;1455381569
GL2;2.5;1455381625
ML6;2;1455381649
GL1;2.5;1455381749
NY8;9;1455381764
ML8;7.5;1455381967
ML8;4.5;1455381974
NY5;2;1455382026
GL1;10;1455382290
GL6;2.5;1455382299
GL1;2.5;1455382301
NY3;2.5;1455382317
NY3;2.5;1455382325
NY3;2.5;1455382329
NY3;1;1455382334
NY3;1;1455382340
GL1;5;1455382354
ML4;6;1455382370
GL7;7.5;1455382427
GL8;4.5;1455382453
GL1;1.5;1455382467
GL1;2;1455382501
GL1;2.5;1455382511
ML7;7.5;1455382526
NY7;2.5;1455382628
NY7;2.5;1455382632
NY7;2.5;1455382638
ML2;7.5;1455382728
GL1;1.5;1455382739
NY5;5;1455382758
ML2;2;1455382822
GL6;2.5;1455382887
GL1;5;1455382895
GL1;2.5;1455382932
GL4;2.5;1455382951
GL4;2.5;1455382960
GL3;15;1455383024
ML8;2.5;1455383038
ML8;2.5;1455383041
ML8;2.5;1455383044
GL1;3;1455383121
GL3;9;1455383189
GL5;2.5;1455383296
GL5;2.5;1455383305
GL5;2.5;1455383310
GL5;10;1455383444
GL1;20;1455383468
GL1;2.5;1455383511
NY8;2;1455383545
GL1;10;1455383553
NY7;4;1455383572
GL1;2.5;1455383583
GL7;2;1455383587
GL1;2.5;1455383652
NY7;54;1455383904
GL1;0.5;1455383907
GL1;11.5;1455383917
GL3;15;1455384027
GL1;4;1455384201
GL1;6.5;1455384354
ML4;2;1455384376
GL6;2.5;1455384404
GL3;50;1455384438
GL4;2.5;1455384451
GL1;2.5;1455384453
ML4;4.5;1455384479
GL2;10;1455384512
GL7;7.5;1455384517
GL5;7.5;1455384565
GL4;7.5;1455384591
ML4;4;1455384605
NY2;4;1455384690
GL3;2;1455384712
NY7;2.5;1455384722
GL1;15;1455384791
GL5;6;1455384796
GL1;2;1455384886
GL7;2.5;1455384934
GL1;5;1455384938
GL7;9;1455384971
GL1;5;1455385009
NY8;6;1455385039
NY5;5;1455385070
GL1;15;1455385081
GL1;2.5;1455385087
GL4;2.5;1455385091
NY7;5;1455385118
GL2;2.5;1455385172
NY6;10;1455385176
GL2;6;1455385203
ML2;7.5;1455385253
NY8;4;1455385366
NY7;6;1455385377
GL7;3;1455385391
NY5;7.5;1455385398
GL1;15;1455385403
NY2;5;1455385421
NY5;10;1455385428
GL1;4.5;1455385435
GL1;6;1455385438
GL3;15;1455385540
ML4;6;1455385678
GL1;7.5;1455385753
GL1;14;1455385794
GL1;18;1455385845
GL3;5;1455385996
GL4;2.5;1455386000
GL3;1;1455386146
GL1;2;1455386179
GL1;15;1455386231
GL1;4;1455386238
GL4;0.5;1455386278
GL4;10;1455386338
NY7;7.5;1455386404
GL7;6;1455386583
NY5;7.5;1455386677
GL4;2.5;1455386693
ML7;15;1455386726
GL4;5;1455386796
GL1;2.5;1455386941
GL1;20;1455387004
GL1;9;1455387009
GL1;2;1455387039
NY6;7.5;1455387083
GL1;4;1455387173
GL1;3;1455387216
GL3;2.5;1455387223
GL1;3;1455387242
GL1;9;1455387275
GL1;0.5;1455387318
ML5;30;1455387486
GL1;12;1455387523
GL1;5;1455387623
NY7;22.5;1455387654
ML4;6;1455387659
GL1;22.5;1455387673
GL1;20;1455387809
GL1;5;1455387865
GL3;15;1455387939
GL1;4.5;1455387977
GL1;6;1455387986
GL1;1.5;1455387990
GL1;5;1455388019
GL1;32.5;1455388077
ML5;7.5;1455388208
GL1;50;1455388295
GL6;50;1455388314
GL2;12;1455388331
ML2;2.5;1455388343
ML7;13.5;1455388383
GL3;7.5;1455388403
NY5;7.5;1455388434
ML6;42.5;1455388441
NY5;7.5;1455388517
GL1;6;1455388542
NY2;6;1455388551
GL1;4;1455388608
GL3;2.5;1455388626
NY7;5;1455388636
ML4;6;1455388711
ML7;2;1455388740
ML7;4;1455388770
GL1;2.5;1455388772
GL2;2.5;1455388787
GL2;2.5;1455388794
GL7;2;1455388858
NY7;2;1455388907
NY7;2.5;1455388926
GL1;4.5;1455389019
NY7;2;1455389039
ML8;7.5;1455389110
GL3;15;1455389118
GL1;1.5;1455389228
GL2;7.5;1455389258
GL2;6;1455389309
GL1;3;1455389434
NY7;5;1455389447
NY7;3;1455389458
NY7;15;1455389464
GL4;2;1455389600
NY7;15;1455389613
GL1;3.5;1455389671
NY7;27;1455389685
GL3;5;1455389737
GL1;2;1455389798
NY7;2.5;1455389807
GL3;15;1455389817
GL2;4;1455389821
GL7;12.5;1455389837
GL2;6;1455389849
ML7;2.5;1455389862
GL2;12;1455389880
GL2;2;1455389945
GL8;4;1455389959
GL3;2;1455389976
GL2;6;1455389987
GL8;8;1455390038
GL8;4;1455390091
GL7;7.5;1455390230
GL6;20;1455390391
GL8;12;1455390514
GL7;2;1455390525
NY5;7.5;1455390582
GL3;2.5;1455390673
NY7;50;1455390720
GL7;3;1455390725
NY7;5;1455390828
GL8;2;1455390984
GL7;12;1455391015
GL7;6;1455391027
GL8;2.5;1455391035
GL3;6.5;1455391047
ML7;5;1455391055
ML7;4.5;1455391064
GL8;27;1455391073
GL8;7.5;1455391085
GL3;10;1455391156
ML7;7;1455391186
NY6;7.5;1455391212
GL8;6;1455391314
GL7;2;1455391318
GL7;2.5;1455391328
GL3;7.5;1455391415
GL3;2;1455391426
GL8;4;1455391432
ML2;7.5;1455391501
GL1;5;1455391512
ML7;4.5;1455391625
NY7;25.5;1455391639
NY7;15;1455391726
GL8;1.5;1455391732
NY7;5;1455391747
GL8;4.5;1455391753
GL8;6;1455391756
GL8;2.5;1455391770
ML7;4;1455391795
GL1;7.5;1455391830
GL2;7;1455391852
NY6;7.5;1455391879
GL8;3.5;1455391940
GL7;7.5;1455391959
GL3;2.5;1455391997
GL8;12.5;1455392053
NY7;6;1455392104
NY7;27;1455392236
GL2;7.5;1455392247
NY7;15;1455392295
NY7;2.5;1455392325
NY7;0.5;1455392332
ML7;2;1455392417
ML8;5;1455392496
GL1;13.5;1455392560
GL8;4.5;1455392621
GL3;5;1455392675
NY3;15;1455392782
GL8;21.5;1455392791
GL3;7.5;1455392827
GL7;2.5;1455392842
NY7;6;1455392853
GL7;2.5;1455392909
GL8;4;1455393029
ML2;4.5;1455393033
NY7;12;1455393087
GL1;2.5;1455393118
NY7;2.5;1455393141
GL8;5;1455393144
ML7;2.5;1455393168
ML8;18;1455393254
ML8;2.5;1455393266
GL7;5;1455393293
NY7;13.5;1455393318
NY6;2.5;1455393346
GL3;6;1455393394
NY7;2;1455393466
ML3;2;1455393476
GL8;4.5;1455393508
ML7;4.5;1455393529
GL8;23;1455393547
GL7;8;1455393577
ML8;7.5;1455393586
NY7;4;1455393656
GL3;7.5;1455393929
GL1;2;1455393943
NY7;40;1455394059
GL7;7.5;1455394091
NY6;7.5;1455394161
NY7;8;1455394223
GL7;12.5;1455394422
GL8;2.5;1455394433
NY7;12;1455394474
GL3;5;1455394527
ML2;7.5;1455394583
GL1;12;1455394595
GL3;2;1455394607
GL4;7.5;1455394621
GL8;5;1455394649
ML7;5;1455394661
NY7;22.5;1455394792
GL1;2.5;1455394822
GL2;10;1455394829
GL1;4;1455394884
NY7;25;1455394918
GL7;13.5;1455394971
GL8;7.5;1455395003
GL3;7.5;1455395016
NY7;24;1455395202
ML8;6;1455395210
GL3;4;1455395309
NY5;12;1455395334
NY5;7.5;1455395373
ML8;75;1455395419
GL1;7.5;1455395468
GL8;12;1455395473
GL8;2;1455395482
GL8;4;1455395507
GL3;7.5;1455395666
GL7;4.5;1455395727
NY5;5;1455395738
NY7;15;1455395745
NY7;11;1455395764
ML8;2.5;1455395841
GL4;7.5;1455395859
GL8;52.5;1455395900
NY5;4;1455395931
ML2;6;1455395960
GL7;15;1455396038
GL7;7.5;1455396044
NY5;2;1455396056
ML5;2;1455396103
GL7;5;1455396136
GL7;2.5;1455396210
NY5;22.5;1455396251
GL8;20;1455396266
GL5;15;1455396283
NY3;15;1455396291
GL7;12;1455396373
NY7;7.5;1455396409
NY6;15;1455396485
NY2;5;1455396492
NY5;8;1455396525
GL7;22.5;1455396544
GL8;6;1455396579
GL2;6;1455396592
NY7;1.5;1455396643
NY7;15;1455396671
GL3;9;1455396693
NY7;6;1455396715
GL1;6;1455396790
GL7;9.5;1455396933
GL8;6;1455397115
GL8;2.5;1455397121
ML7;9.5;1455397160
GL6;2.5;1455397187
GL3;11;1455397198
GL7;4.5;1455397208
GL8;10;1455397218
NY7;1;1455397230
GL2;5;1455397263
GL1;2.5;1455397320
ML5;15;1455397335
ML5;4;1455397382
ML5;6;1455397389
GL8;12;1455397455
GL8;12;1455397461
NY5;7.5;1455397468
NY8;4.5;1455397472
ML2;7.5;1455397484
ML6;24;1455397505
GL8;11;1455397552
NY7;5;1455397625
GL6;13.5;1455397720
GL5;12;1455397735
GL6;7.5;1455397746
GL8;5.5;1455397747
ML6;12.5;1455397751
GL8;32.5;1455397756
ML2;7.5;1455397830
NY7;2.5;1455397965
NY7;12;1455397966
GL6;10;1455397981
NY7;50;1455397989
NY5;7.5;1455398119
NY7;2.5;1455398149
NY7;5;1455398153
NY7;7.5;1455398157
NY7;4.5;1455398159
GL7;5;1455398263
ML8;2.5;1455398316
GL1;7.5;1455398320
GL4;20;1455398347
NY5;2.5;1455398412
ML5;4.5;1455398446
ML5;12.5;1455398485
ML5;24;1455398533
GL1;2.5;1455398536
GL7;6;1455398541
ML7;5;1455398545
ML7;5;1455398550
NY5;7.5;1455398599
GL3;4.5;1455398604
GL7;2;1455398667
GL7;2;1455398690
GL3;6;1455398728
GL7;6;1455398805
GL5;4.5;1455398816
NY5;7.5;1455398911
NY7;39;1455398956
ML7;3;1455398969
NY3;6;1455398989
NY5;21;1455399129
GL3;15;1455399148
NY7;7.5;1455399181
GL3;7.5;1455399213
NY7;13.5;1455399284
GL4;7.5;1455399296
NY7;27;1455399318
ML7;8.5;1455399321
ML8;12;1455399387
ML7;8;1455399413
ML6;8;1455399416
ML7;5;1455399429
ML8;17.5;1455399538
GL7;6;1455399567
NY5;12;1455399588
ML7;2.5;1455399613
NY7;3;1455399661
ML7;5;1455399675
NY5;7;1455399682
ML5;11;1455399706
ML4;10;1455399758
GL7;6;1455399784
NY7;2;1455399872
ML4;6;1455399908
ML7;28;1455399980
GL7;7.5;1455400024
ML7;24;1455400083
ML7;7.5;1455400086
GL3;5.5;1455400258
ML6;18;1455400267
GL5;6;1455400281
ML4;6;1455400287
ML8;5;1455400290
NY7;4.5;1455400338
NY7;3.5;1455400347
GL3;1;1455400417
ML8;6;1455400486
GL3;4.5;1455400499
GL2;7.5;1455400533
GL7;2.5;1455400600
NY7;6.5;1455400632
ML8;13.5;1455400649
ML5;4.5;1455400693
GL3;5;1455400724
ML7;2.5;1455400778
ML4;2.5;1455400780
GL8;10;1455400808
GL7;12;1455400830
ML8;4.5;1455400870
NY7;4.5;1455400977
GL2;2.5;1455401036
ML5;6;1455401050
NY2;2.5;1455401055
GL3;5;1455401095
GL3;6;1455401206
GL4;2.5;1455401251
NY7;2;1455401275
GL5;6;1455401318
ML5;2;1455401326
GL4;7.5;1455401355
ML8;12;1455401438
NY7;13.5;1455401441
ML8;21;1455401461
NY7;7.5;1455401497
ML5;6;1455401577
ML8;6;1455401588
NY7;3;1455401615
ML7;9.5;1455401621
GL2;2.5;1455401624
ML4;22.5;1455401629
ML7;6;1455401629
GL1;10;1455401697
GL2;2.5;1455401740
NY7;9;1455401783
GL7;2.5;1455401791
NY7;4.5;1455401853
GL1;7.5;1455401915
GL7;13.5;1455401931
ML7;13.5;1455402088
ML5;10;1455402106
ML5;2.5;1455402117
GL1;2.5;1455402146
GL3;4;1455402219
GL4;14.5;1455402283
ML5;2;1455402319
GL6;2.5;1455402445
NY2;7.5;1455402454
NY4;6;1455402459
NY4;9;1455402468
NY2;9;1455402472
GL3;7.5;1455402495
GL5;11;1455402592
NY2;7.5;1455402606
GL7;2.5;1455402658
ML5;2;1455402673
NY4;5;1455402766
GL7;10;1455402813
GL3;6;1455402902
GL5;12.5;1455402930
GL7;15;1455402948
ML5;5;1455402951
ML5;4.5;1455403105
ML8;6;1455403110
NY7;9;1455403125
NY2;7.5;1455403158
GL7;4.5;1455403200
ML7;3;1455403216
GL3;2;1455403246
NY7;2;1455403299
GL3;6;1455403349
GL8;4.5;1455403363
GL7;6;1455403374
GL2;2.5;1455403405
NY7;2.5;1455403449
NY2;2;1455403640
GL5;9;1455403641
GL7;6;1455403646
NY7;25;1455403697
GL3;5;1455403715
GL3;2.5;1455403718
GL4;5;1455403774
GL1;7.5;1455403778
GL6;5;1455403781
NY7;7.5;1455403815
GL6;26.5;1455403855
ML5;6;1455403861
GL6;20;1455403917
ML2;7.5;1455403949
GL6;16;1455403988
ML7;2;1455404000
ML4;6;1455404046
ML5;7.5;1455404061
GL1;7.5;1455404071
GL7;7.5;1455404078
GL6;9;1455404106
GL4;8;1455404333
GL7;6;1455404361
NY7;12;1455404370
NY7;2;1455404372
ML8;21;1455404436
ML7;7.5;1455404456
NY6;2.5;1455404607
ML8;7.5;1455404640
NY6;2.5;1455404671
NY7;2.5;1455404756
ML7;2.5;1455404874
NY5;7.5;1455404904
NY5;2;1455404929
GL7;16.5;1455404955
NY5;4.5;1455404968
NY7;14;1455404971
NY5;4.5;1455404974
GL2;2;1455404980
NY2;7.5;1455405011
NY7;4.5;1455405112
ML5;2;1455405183
NY5;7.5;1455405200
GL2;7.5;1455405213
GL2;6.5;1455405220
ML7;14;1455405365
ML7;12.5;1455405368
NY6;6;1455405393
ML5;9;1455405399
GL3;20;1455405412
GL6;20;1455405424
GL2;6;1455405471
GL2;6;1455405553
GL6;17;1455405608
GL7;4;1455405632
GL6;5;1455405685
GL6;4;1455405696
GL8;8;1455405796
NY5;4;1455405846
GL3;20;1455405905
ML5;2.5;1455405907
GL3;7.5;1455405912
GL8;8;1455405930
GL3;10;1455405992
GL2;5;1455406016
NY5;6;1455406038
ML8;5;1455406066
NY7;4;1455406313
NY4;7.5;1455406345
ML8;6;1455406408
NY7;8.5;1455406459
NY7;2;1455406506
GL7;7.5;1455406510
GL7;7.5;1455406517
GL6;2.5;1455406543
GL8;4;1455406577
ML8;12;1455406624
GL5;5;1455406671
GL4;5;1455406675
GL6;5;1455406692
NY4;30;1455406742
ML7;3;1455406768
ML8;3;1455406812
ML7;2.5;1455406868
ML8;3;1455406874
GL7;7.5;1455406898
GL2;2.5;1455406980
ML2;5;1455407118
ML4;7.5;1455407120
GL4;20;1455407184
ML6;6;1455407190
ML8;8;1455407344
NY7;7.5;1455407472
GL3;7.5;1455407511
GL7;2.5;1455407618
GL3;15;1455407630
GL4;6;1455407702
GL3;7.5;1455407761
NY5;2.5;1455407841
NY6;27.5;1455407950
GL1;7.5;1455407951
GL6;20;1455407976
GL6;5;1455408074
GL7;9.5;1455408140
GL4;20;1455408166
NY3;25;1455408245
GL3;7.5;1455408335
GL7;15;1455408405
ML7;7.5;1455408481
GL2;6;1455408519
ML5;4;1455408535
GL5;5;1455408635
NY7;6;1455408725
GL6;10.5;1455408735
GL2;8;1455408799
NY7;7.5;1455408867
ML5;3;1455409075
GL5;5.5;1455409075
ML4;7.5;1455409114
NY2;6;1455409122
NY7;9;1455409149
GL3;2.5;1455409154
GL4;7.5;1455409184
NY8;5;1455409224
GL7;12;1455409293
ML8;7.5;1455409331
ML8;25;1455409439
GL6;5;1455409601
GL8;11;1455409626
ML4;5;1455409637
GL3;4;1455409653
GL7;9;1455409681
ML3;1;1455409799
ML3;5;1455409803
GL3;13.5;1455409811
GL6;30;1455409908
GL6;10;1455409921
ML7;5;1455409967
NY7;2.5;1455410045
NY7;2.5;1455410048
NY7;2.5;1455410050
NY7;2.5;1455410052
NY5;2.5;1455410152
NY5;2.5;1455410154
GL6;20;1455410348
GL8;5;1455410366
GL6;15;1455410396
ML3;22;1455410428
NY2;12;1455410479
NY2;10;1455410491
NY7;8;1455410502
ML7;5;1455410510
NY7;7.5;1455410544
NY7;2;1455410551
ML8;9;1455410969
ML7;5;1455411068
ML8;12;1455411100
GL1;2.5;1455411136
ML8;2.5;1455411161
ML8;2.5;1455411165
ML8;2.5;1455411167
GL3;7.5;1455411462
GL4;7.5;1455411498
GL3;15;1455411561
GL7;6;1455411582
ML8;2.5;1455411608
ML6;1.5;1455411743
NY7;12;1455411891
NY7;30;1455412042
ML6;2;1455412212
NY7;2;1455412272
GL8;2.5;1455412327
GL7;1;1455412401
GL7;1.5;1455412403
GL7;1.5;1455412404
GL7;1.5;1455412406
GL4;14.5;1455412441
GL7;15;1455412505
NY3;2;1455412617
NY3;2;1455412618
NY3;1;1455412623
NY3;1;1455412624
NY3;1;1455412625
NY3;1;1455412625
GL7;9.5;1455412680
ML3;6;1455412834
ML3;2;1455412836
ML3;2;1455412837
ML5;12.5;1455413043
GL8;7.5;1455413094
GL7;7.5;1455413467
ML8;9.5;1455413500
GL3;7.5;1455413643
ML8;6;1455413741
ML8;2;1455413743
ML8;2;1455413744
GL7;4.5;1455413801
GL5;20;1455415564
GL5;12.5;1455415566
GL5;20;1455415583
GL3;2.5;1455415773
ML5;4;1455415802
GL7;3;1455415876
NY7;2.5;1455416020
ML4;7.5;1455416310
ML5;6;1455416341
NY7;3;1455416392
ML5;4;1455416422
GL3;7.5;1455416460
GL7;7.5;1455416775
ML4;2.5;1455416780
GL3;7.5;1455416850
NY7;2;1455417001
GL4;9;1455417117
GL1;8;1455417225
ML5;7.5;1455417508
ML4;4.5;1455417522
ML8;11;1455417693
GL4;11.5;1455417843
ML4;7.5;1455418119
ML8;5;1455418247
ML2;2.5;1455418341
ML7;9;1455418596
ML8;2.5;1455418693
GL4;10;1455418810
ML5;18;1455418968
NY3;2.5;1455418992
GL2;2;1455419187
GL3;7.5;1455419238
ML3;2.5;1455419708
NY4;15;1455419866
NY8;9;1455419893
ML8;6;1455420475
NY7;9;1455420534
NY7;2.5;1455421356
NY7;7.5;1455421511
ML8;10;1455421945
GL2;2.5;1455422076
NY7;5;1455423475
NY7;5;1455423488
GL3;22.5;1455424474
NY7;2.5;1455424527
GL4;6;1455425021
GL5;10;1455425242
NY7;6;1455425504
NY7;2;1455425507
NY7;8;1455425514
GL3;2.5;1455426124
GL3;2.5;1455426267
GL3;4;1455426307
GL3;2.5;1455426467
GL3;2.5;1455426497
GL3;2.5;1455426554
NY8;4;1455426746
NY7;4.5;1455426956
NY4;4.5;1455427272
ML8;10;1455427490
GL3;10;1455427863
ML4;4;1455427890
ML8;8;1455427989
GL3;2.5;1455428115
GL3;3;1455428255
GL3;2.5;1455429220
GL3;2.5;1455429520
GL3;2.5;1455429822
ML8;14;1455429956
GL3;2;1455430168
GL3;2.5;1455431145
GL4;2.5;1455432776
GL3;6;1455433046
GL3;5;1455433189
GL3;12;1455433789
GL3;2.5;1455433949
GL3;5;1455434605
GL3;4;1455436710
GL3;4;1455437013
GL6;20;1455439054
NY7;2.5;1455440432
NY7;5;1455442579
NY7;7.5;1455444534
NY7;7.5;1455444734
NY7;7.5;1455444968
NY2;10;1455445148
ML4;27.5;1455445185
ML4;5;1455445192
GL2;12.5;1455445319
NY7;15;1455445915
NY7;10;1455446005
NY8;12;1455446202
ML4;47.5;1455446782
NY7;52.5;1455446822
ML5;1.5;1455446990
GL1;1.5;1455447010
GL2;1.5;1455447011
ML2;1.5;1455447012
NY2;1.5;1455447013
GL3;1.5;1455447014
ML3;1.5;1455447015
NY3;1.5;1455447017
GL4;1.5;1455447018
ML4;1.5;1455447019
NY4;1.5;1455447020
GL5;1.5;1455447022
NY5;1.5;1455447023
GL6;1.5;1455447024
ML6;1.5;1455447025
NY6;1.5;1455447027
GL7;1.5;1455447028
ML7;1.5;1455447029
NY7;1.5;1455447030
GL8;1.5;1455447031
ML8;1.5;1455447032
NY8;1.5;1455447033
ML4;25;1455447197
GL8;13.5;1455447238
GL8;15;1455447496
NY7;12.5;1455447869
GL8;15;1455447893
ML4;22.5;1455448703
NY6;10;1455448884
NY6;12.5;1455448897
NY6;52;1455448903
ML4;5;1455449049
NY2;31.5;1455449503
GL8;40;1455449525
GL8;7.5;1455449531
NY3;14;1455449542
ML6;2.5;1455449722
NY6;15;1455449726
ML3;2.5;1455449731
NY7;27;1455449833
GL7;7.5;1455450390
GL3;7.5;1455450504
ML4;15;1455450597
NY7;30;1455450768
ML4;12.5;1455451032
GL3;15;1455451245
ML3;10;1455451348
GL3;15;1455451355
GL3;5;1455451447
NY7;10;1455451755
NY7;37.5;1455451935
ML4;10;1455452196
ML7;15;1455452268
GL8;49.5;1455452288
GL6;17.5;1455452388
GL8;7.5;1455452537
GL3;2.5;1455452759
GL6;7.5;1455453615
GL5;5;1455453782
NY5;10;1455453844
NY7;11;1455453965
GL3;7.5;1455453989
GL1;5;1455454276
NY5;7.5;1455454341
NY4;7.5;1455454352
GL8;24;1455454534
ML4;5;1455454540
GL5;22.5;1455454620
NY5;2.5;1455454748
GL5;2.5;1455454752
NY6;25;1455454758
GL8;7.5;1455454959
ML4;7.5;1455454984
NY7;2.5;1455455066
GL3;10;1455455152
GL8;2.5;1455455252
GL3;2;1455455278
GL8;7.5;1455455434
NY7;5;1455455602
ML7;7.5;1455455894
GL1;5;1455456167
GL3;7.5;1455456333
NY7;2.5;1455456499
ML4;32.5;1455456584
GL4;2.5;1455456591
NY6;10;1455456598
GL8;10;1455456787
NY7;7.5;1455456878
NY7;10;1455456981
NY7;50;1455457110
GL8;21;1455457404
GL3;5;1455457456
GL5;7.5;1455457594
NY5;2;1455457613
NY7;7.5;1455457623
ML4;5;1455457723
GL3;5;1455457728
GL3;15;1455457737
NY7;3;1455457825
ML7;4;1455457996
NY2;2;1455458002
GL5;6;1455458018
GL4;7.5;1455458067
ML4;2.5;1455458161
